{
  "initialization_time_planning": 0.17111754417419434,
  "execution_time_planning": 55.29043769836426,
  "total_time": 55.46155524253845
}