{
  "initialization_time_planning": 0.17290496826171875,
  "execution_time_planning": 42.91143608093262,
  "total_time": 43.084341049194336
}