{
  "initialization_time_planning": 0.1714329719543457,
  "execution_time_planning": 45.42339754104614,
  "total_time": 45.59483051300049
}