{
  "initialization_time_control": 0.14926362037658691,
  "execution_time_control": 138.1090612411499,
  "total_time": 138.2583248615265
}