{
  "initialization_time_control": 0.15018868446350098,
  "execution_time_control": 107.81590223312378,
  "total_time": 107.96609091758728
}