{
  "initialization_time_control": 0.15160846710205078,
  "execution_time_control": 72.13155055046082,
  "total_time": 72.28315901756287
}