{
  "initialization_time_control": 0.1573331356048584,
  "execution_time_control": 98.52787637710571,
  "total_time": 98.68520951271057
}