{
  "initialization_time_control": 0.44275736808776855,
  "execution_time_control": 128.7099277973175,
  "total_time": 129.15268516540527
}