{
  "initialization_time_control": 0.15049529075622559,
  "execution_time_control": 57.44545030593872,
  "total_time": 57.595945596694946
}