{
    "Co": {
        "best_hp": {
            "n_estimators": 200,
            "max_depth": 10,
            "min_samples_split": 10
        },
        "inner_auprc": 0.6509699292491521,
        "outer_auprc": 0.6791666666666667,
        "y_true": [
            1,
            0,
            1,
            1,
            1
        ],
        "y_prob": [
            0.9442735920081509,
            0.9504661786370111,
            0.9277017977790019,
            0.9053029075580548,
            0.9238098486815286
        ]
    },
    "Cr": {
        "best_hp": {
            "n_estimators": 50,
            "max_depth": 3,
            "min_samples_split": 5
        },
        "inner_auprc": 0.6615675032807385,
        "outer_auprc": 1.0,
        "y_true": [
            1,
            0,
            1,
            1
        ],
        "y_prob": [
            0.6227883923658719,
            0.491435832948317,
            0.5590668206034565,
            0.6622803748210473
        ]
    },
    "Fe": {
        "best_hp": {
            "n_estimators": 200,
            "max_depth": 10,
            "min_samples_split": 5
        },
        "inner_auprc": 0.6173513775589721,
        "outer_auprc": null,
        "y_true": [
            1,
            1,
            1,
            1
        ],
        "y_prob": [
            0.600196402851753,
            0.6590722661537645,
            0.530672925868811,
            0.5271533514285046
        ]
    },
    "Hf": {
        "best_hp": {
            "n_estimators": 50,
            "max_depth": 10,
            "min_samples_split": 10
        },
        "inner_auprc": 0.6400067740721852,
        "outer_auprc": null,
        "y_true": [
            0,
            0,
            0
        ],
        "y_prob": [
            0.36936476539290025,
            0.34149334454874725,
            0.3696711283750681
        ]
    },
    "Mn": {
        "best_hp": {
            "n_estimators": 50,
            "max_depth": 3,
            "min_samples_split": 10
        },
        "inner_auprc": 0.6431013457570495,
        "outer_auprc": 1.0,
        "y_true": [
            1,
            0,
            1,
            1
        ],
        "y_prob": [
            0.6360871732493849,
            0.4540797208146059,
            0.6609860889678697,
            0.754540327655808
        ]
    },
    "Mo": {
        "best_hp": {
            "n_estimators": 50,
            "max_depth": 5,
            "min_samples_split": 2
        },
        "inner_auprc": 0.719818105640521,
        "outer_auprc": 0.7333333333333334,
        "y_true": [
            1,
            0,
            0,
            0,
            1,
            1,
            1,
            0,
            0,
            0,
            0,
            0,
            0
        ],
        "y_prob": [
            0.8900291597647394,
            0.7346483332549476,
            0.7675359318064926,
            0.7346483332549476,
            0.7603627582977811,
            0.6569868756962083,
            0.8900291597647394,
            0.6764246516788455,
            0.6764246516788455,
            0.8410189613347049,
            0.575831933443321,
            0.691516097025013,
            0.7201588087557024
        ]
    },
    "Nb": {
        "best_hp": {
            "n_estimators": 50,
            "max_depth": 3,
            "min_samples_split": 10
        },
        "inner_auprc": 0.7417521500791949,
        "outer_auprc": 0.31113498030791265,
        "y_true": [
            0,
            1,
            0,
            0,
            0,
            0,
            0,
            1,
            0,
            1,
            0,
            0,
            0,
            1,
            1,
            0,
            0,
            1,
            1
        ],
        "y_prob": [
            0.6849175601929,
            0.42572163911835176,
            0.3780259435805034,
            0.4877471437885344,
            0.5969606566546503,
            0.4131469276094732,
            0.6260551193524525,
            0.5563243939998018,
            0.39633297710324206,
            0.33576606908688733,
            0.6637647827174447,
            0.5776428584365659,
            0.47909142965453344,
            0.49396712942415844,
            0.47395629451939825,
            0.467689068909139,
            0.5351716165243464,
            0.37051588714200406,
            0.5525352150058899
        ]
    },
    "Ni": {
        "best_hp": {
            "n_estimators": 200,
            "max_depth": 3,
            "min_samples_split": 10
        },
        "inner_auprc": 0.609884330826127,
        "outer_auprc": null,
        "y_true": [
            1,
            1,
            1
        ],
        "y_prob": [
            0.7257598238236319,
            0.8196208308301216,
            0.6258474100307994
        ]
    },
    "Ta": {
        "best_hp": {
            "n_estimators": 50,
            "max_depth": 3,
            "min_samples_split": 10
        },
        "inner_auprc": 0.6597513981650199,
        "outer_auprc": 0.8520408163265305,
        "y_true": [
            1,
            0,
            1,
            1,
            0,
            1,
            1,
            0,
            1,
            0,
            1
        ],
        "y_prob": [
            0.3281528151786474,
            0.38166967553614206,
            0.30818119507679287,
            0.4615347701685885,
            0.31592735752914275,
            0.48217643356429596,
            0.510710158797892,
            0.3009000788724037,
            0.3322021965628854,
            0.4730826114873865,
            0.4890780105860963
        ]
    },
    "Ti": {
        "best_hp": {
            "n_estimators": 50,
            "max_depth": 5,
            "min_samples_split": 5
        },
        "inner_auprc": 0.6514199483014586,
        "outer_auprc": 0.6388888888888888,
        "y_true": [
            1,
            0,
            1,
            0,
            1,
            0,
            0
        ],
        "y_prob": [
            0.2538438844531563,
            0.2012102099722391,
            0.22407191983539576,
            0.12836753703067555,
            0.43234319845578156,
            0.2020955962490377,
            0.4863502718681094
        ]
    },
    "V": {
        "best_hp": {
            "n_estimators": 200,
            "max_depth": 3,
            "min_samples_split": 10
        },
        "inner_auprc": 0.6221632438235185,
        "outer_auprc": 0.8666666666666667,
        "y_true": [
            1,
            0,
            0,
            0,
            1,
            0,
            1
        ],
        "y_prob": [
            0.6029540981965738,
            0.40420321904069745,
            0.584164128751773,
            0.4426665520970289,
            0.43888560485542905,
            0.43413936567466704,
            0.6706326686691529
        ]
    },
    "W": {
        "best_hp": {
            "n_estimators": 50,
            "max_depth": 10,
            "min_samples_split": 10
        },
        "inner_auprc": 0.6663119249741974,
        "outer_auprc": 0.7333333333333333,
        "y_true": [
            1,
            1,
            1,
            0,
            0,
            1,
            0
        ],
        "y_prob": [
            0.22071501787740241,
            0.3951205682383119,
            0.34838536352247085,
            0.17541301405432105,
            0.32566133005923353,
            0.29924797034754663,
            0.36464774419690393
        ]
    },
    "Zr": {
        "best_hp": {
            "n_estimators": 200,
            "max_depth": 3,
            "min_samples_split": 5
        },
        "inner_auprc": 0.6573793221757696,
        "outer_auprc": null,
        "y_true": [
            0,
            0,
            0
        ],
        "y_prob": [
            0.3315461361816026,
            0.32498792733908016,
            0.37730575711378306
        ]
    }
}