{
  "initialization_time_control": 0.1487267017364502,
  "execution_time_control": 314.4587914943695,
  "total_time": 314.60751819610596
}