{
  "initialization_time_control": 0.15100812911987305,
  "execution_time_control": 146.1180682182312,
  "total_time": 146.26907634735107
}