{
  "initialization_time_control": 0.15375542640686035,
  "execution_time_control": 124.02551054954529,
  "total_time": 124.17926597595215
}