{
  "initialization_time_control": 0.14707517623901367,
  "execution_time_control": 115.40259099006653,
  "total_time": 115.54966616630554
}