{
  "initialization_time_control": 0.1504344940185547,
  "execution_time_control": 46.9734628200531,
  "total_time": 47.123897314071655
}