{
  "initialization_time_control": 0.14898157119750977,
  "execution_time_control": 168.64289832115173,
  "total_time": 168.79187989234924
}