{
  "initialization_time_control": 0.1485433578491211,
  "execution_time_control": 110.60623717308044,
  "total_time": 110.75478053092957
}