{"sigma_1": 0.01932106725871563, "sigma_2": 0.15753361582756042, "log_var_reg": -7.893118381500244, "log_var_clf": -3.696232795715332}