{
  "initialization_time_control": 0.14847922325134277,
  "execution_time_control": 177.8141167163849,
  "total_time": 177.96259593963623
}