{
  "initialization_time_control": 0.14766144752502441,
  "execution_time_control": 101.74224519729614,
  "total_time": 101.88990664482117
}