{
  "initialization_time_control": 0.14831304550170898,
  "execution_time_control": 84.1836462020874,
  "total_time": 84.33195924758911
}