{
  "initialization_time_control": 0.14972519874572754,
  "execution_time_control": 134.95669102668762,
  "total_time": 135.10641622543335
}