{
  "initialization_time_control": 0.14928078651428223,
  "execution_time_control": 74.69529700279236,
  "total_time": 74.84457778930664
}