{
  "initialization_time_control": 0.14859223365783691,
  "execution_time_control": 71.85192966461182,
  "total_time": 72.00052189826965
}