{
  "initialization_time_control": 0.14909148216247559,
  "execution_time_control": 82.22031855583191,
  "total_time": 82.36941003799438
}