{
  "initialization_time_control": 0.1503751277923584,
  "execution_time_control": 85.34770488739014,
  "total_time": 85.4980800151825
}