{
  "initialization_time_control": 0.14753508567810059,
  "execution_time_control": 116.21767115592957,
  "total_time": 116.36520624160767
}