{
  "initialization_time_control": 0.14960885047912598,
  "execution_time_control": 79.05414772033691,
  "total_time": 79.20375657081604
}