{
  "initialization_time_control": 0.14857840538024902,
  "execution_time_control": 84.22692489624023,
  "total_time": 84.37550330162048
}