{
  "initialization_time_control": 0.1487894058227539,
  "execution_time_control": 149.96711349487305,
  "total_time": 150.1159029006958
}