{
  "initialization_time_control": 0.14751887321472168,
  "execution_time_control": 80.08894920349121,
  "total_time": 80.23646807670593
}