{
  "initialization_time_control": 0.1484084129333496,
  "execution_time_control": 147.52618956565857,
  "total_time": 147.67459797859192
}