{
  "initialization_time_planning": 1.6899542808532715,
  "execution_time_planning": 45.121755838394165,
  "total_time": 46.81171011924744
}