{
  "initialization_time_planning": 0.18073606491088867,
  "execution_time_planning": 41.1755747795105,
  "total_time": 41.35631084442139
}