{
  "initialization_time_control": 0.14893817901611328,
  "execution_time_control": 44.60796332359314,
  "total_time": 44.75690150260925
}