{
  "initialization_time_control": 0.15668678283691406,
  "execution_time_control": 99.54831457138062,
  "total_time": 99.70500135421753
}