{
  "initialization_time_control": 0.1473548412322998,
  "execution_time_control": 108.66978812217712,
  "total_time": 108.81714296340942
}