{
  "initialization_time_control": 0.15715622901916504,
  "execution_time_control": 98.27798199653625,
  "total_time": 98.43513822555542
}