{
  "initialization_time_control": 0.14863967895507812,
  "execution_time_control": 123.20566987991333,
  "total_time": 123.35430955886841
}