{
  "initialization_time_control": 0.15178465843200684,
  "execution_time_control": 94.56033277511597,
  "total_time": 94.71211743354797
}