{
  "initialization_time_control": 0.14837098121643066,
  "execution_time_control": 136.73837327957153,
  "total_time": 136.88674426078796
}