{
  "initialization_time_control": 0.1472930908203125,
  "execution_time_control": 69.48939895629883,
  "total_time": 69.63669204711914
}