{
  "initialization_time_planning": 0.1688098907470703,
  "execution_time_planning": 40.98247742652893,
  "total_time": 41.151287317276
}