{
  "initialization_time_control": 0.15124917030334473,
  "execution_time_control": 115.03675746917725,
  "total_time": 115.18800663948059
}