{
  "initialization_time_control": 0.15107035636901855,
  "execution_time_control": 218.61036372184753,
  "total_time": 218.76143407821655
}