{
  "initialization_time_control": 0.1506645679473877,
  "execution_time_control": 104.5621509552002,
  "total_time": 104.71281552314758
}