{
  "initialization_time_control": 0.15076065063476562,
  "execution_time_control": 257.4033772945404,
  "total_time": 257.55413794517517
}