{
  "initialization_time_control": 0.15304160118103027,
  "execution_time_control": 101.14113116264343,
  "total_time": 101.29417276382446
}