{
  "initialization_time_planning": 0.1694025993347168,
  "execution_time_planning": 41.93012261390686,
  "total_time": 42.09952521324158
}