{
  "initialization_time_control": 0.14802932739257812,
  "execution_time_control": 932.0089132785797,
  "total_time": 932.1569426059723
}