{
  "initialization_time_control": 0.1487870216369629,
  "execution_time_control": 84.0754988193512,
  "total_time": 84.22428584098816
}