{
  "initialization_time_control": 0.15062642097473145,
  "execution_time_control": 28.58402943611145,
  "total_time": 28.73465585708618
}