{
  "initialization_time_control": 0.14939069747924805,
  "execution_time_control": 32.5188364982605,
  "total_time": 32.668227195739746
}