{
  "initialization_time_control": 0.1486811637878418,
  "execution_time_control": 98.396160364151,
  "total_time": 98.54484152793884
}