{
  "initialization_time_control": 0.1474168300628662,
  "execution_time_control": 91.97676658630371,
  "total_time": 92.12418341636658
}