{
  "initialization_time_control": 0.15178203582763672,
  "execution_time_control": 155.09344577789307,
  "total_time": 155.2452278137207
}