{
  "initialization_time_control": 0.14841413497924805,
  "execution_time_control": 205.0037703514099,
  "total_time": 205.15218448638916
}