{
  "initialization_time_control": 0.14829802513122559,
  "execution_time_control": 110.21633124351501,
  "total_time": 110.36462926864624
}