{
  "initialization_time_control": 0.15060734748840332,
  "execution_time_control": 169.28174495697021,
  "total_time": 169.43235230445862
}