{
  "initialization_time_control": 0.1522691249847412,
  "execution_time_control": 69.77740478515625,
  "total_time": 69.92967391014099
}