{
  "initialization_time_control": 0.14997291564941406,
  "execution_time_control": 110.37170958518982,
  "total_time": 110.52168250083923
}