{
  "initialization_time_planning": 0.17206597328186035,
  "execution_time_planning": 44.31849789619446,
  "total_time": 44.49056386947632
}