{
    "regression": {
        "MAE": 0.166215573817452,
        "RMSE": 0.30397872630008793,
        "R2": -0.04318107437440477
    },
    "classification": {
        "AUC": 0.7579428754813864,
        "Accuracy": 0.8118811881188119
    },
    "model_type": "RandomForest"
}